rank,driver,teammate_count,first_season,last_season
1,Johnnie Parsons,79,1950,1958
2,Stirling Moss,78,1951,1961
3,Jack Brabham,77,1955,1970
4,Fred Agabashian,74,1950,1957
5,Maurice Trintignant,71,1950,1964
6,Roy Salvadori,71,1952,1962
7,Paul Russo,69,1950,1959
8,Sam Hanks,69,1950,1957
9,Andy Linden,66,1951,1957
10,Jo Bonnier,65,1956,1971
11,Jimmy Daywalt,64,1953,1959
12,Tony Bettenhausen,64,1950,1960
13,Jack McGrath,62,1950,1955
14,Jim Rathmann,62,1950,1960
15,Troy Ruttman,62,1950,1960
16,Jim Clark,61,1960,1968
17,Bruce McLaren,59,1958,1970
18,Gene Hartley,59,1950,1960
19,Masten Gregory,59,1957,1965
20,Eddie Johnson,58,1952,1960
21,Rodger Ward,58,1951,1963
22,Pat O'Connor,56,1954,1958
23,Jean Behra,55,1952,1959
24,Art Cross,53,1952,1955
25,Bill Vukovich,53,1951,1955
26,Duane Carter,53,1950,1960
27,Louis Rosier,53,1950,1956
28,Marshall Teague,53,1953,1957
29,Innes Ireland,52,1959,1966
30,Duke Dinsmore,51,1950,1956
31,Graham Hill,51,1958,1975
32,Johnny Boyd,51,1955,1960
33,Al Keller,50,1955,1959
34,Harry Schell,50,1950,1960
35,Bob Sweikert,49,1952,1956
36,John Surtees,49,1960,1972
37,Bob Christie,48,1956,1960
38,José Froilán González,48,1950,1960
39,Jo Siffert,47,1962,1971
40,Walt Faulkner,47,1950,1955
41,Jimmy Davies,46,1950,1955
42,Juan Fangio,46,1950,1958
43,Duke Nalon,45,1951,1953
44,Jerry Hoyt,45,1950,1955
45,Luigi Villoresi,45,1950,1956
46,Johnny Thomson,44,1953,1960
47,Pat Flaherty,44,1950,1959
48,Chuck Stevenson,43,1951,1960
49,Ed Elisian,43,1954,1958
50,Toulo de Graffenried,43,1950,1956
51,Prince Bira,42,1950,1954
52,Mike Hawthorn,41,1952,1958
53,Wolfgang Seidel,41,1953,1962
54,Jimmy Reece,40,1952,1958
55,Bob Scott,39,1952,1954
56,Cal Niday,39,1953,1955
57,Carl Scarborough,39,1951,1953
58,Jack Fairman,38,1953,1961
59,Luigi Musso,38,1953,1958
60,Alberto Ascari,37,1950,1955
61,Mike Nazaruk,37,1951,1954
62,Eddie Russo,36,1955,1960
63,Ian Burgess,35,1958,1963
64,Jimmy Bryan,35,1952,1960
65,Johnnie Tolan,35,1956,1958
66,Johnny Claes,35,1950,1955
67,Louis Chiron,35,1950,1956
68,Paco Godia,35,1951,1958
69,Al Herman,34,1955,1960
70,Bill Homeier,34,1954,1960
71,Chuck Weyant,34,1955,1959
72,Lucien Bianchi,34,1960,1968
73,Bob Veith,33,1956,1960
74,Chris Amon,33,1963,1976
75,Don Freeland,33,1953,1960
76,Horace Gould,33,1954,1960
77,Jimmy Jackson,33,1950,1954
78,Ray Crawford,33,1955,1959
79,Ronnie Peterson,33,1970,1978
80,Henry Taylor,32,1959,1961
81,Olivier Gendebien,32,1956,1961
82,Bill Cheesbourg,31,1957,1959
83,Jack Turner,31,1956,1959
84,Nino Farina,31,1950,1955
85,Trevor Taylor,31,1961,1966
86,Bill Holland,30,1950,1953
87,Carlos Menditeguy,30,1953,1960
88,Chet Miller,30,1951,1952
89,Cliff Griffith,30,1951,1956
90,Johnny McDowell,30,1950,1952
91,Peter Collins,30,1952,1958
92,Phil Hill,30,1958,1964
93,Roberto Mieres,30,1953,1955
94,Travis Webb,30,1950,1954
95,André Simon,29,1951,1957
96,Dick Rathmann,29,1950,1960
97,Giorgio Scarlatti,29,1956,1961
98,Dan Gurney,28,1959,1970
99,George Fonder,28,1952,1954
100,Jackie Holmes,28,1950,1953
101,Johnny Mantz,28,1953,1953
102,Mike Magill,28,1957,1959
103,Hans Herrmann,27,1953,1961
104,Umberto Maglioli,27,1953,1957
105,Bruce Halford,26,1956,1960
106,Cesare Perdisa,26,1955,1957
107,Ernie McCoy,26,1953,1954
108,Frank Armi,26,1954,1954
109,Jacky Ickx,26,1967,1979
110,Larry Crockett,26,1954,1954
111,Piero Taruffi,26,1950,1956
112,Cecil Green,25,1950,1951
113,Chico Landi,25,1951,1956
114,Jochen Rindt,25,1964,1970
115,Luigi Piotti,25,1955,1957
116,Manny Ayulo,25,1951,1954
117,Tony Maggs,25,1961,1965
118,Walt Brown,25,1950,1951
119,Denny Hulme,24,1965,1974
120,Gerino Gerini,24,1956,1958
121,Ron Flockhart,24,1954,1960
122,Tony Marsh,24,1957,1962
123,Cliff Allison,23,1958,1961
124,Gene Force,23,1951,1960
125,Keith Andrews,23,1955,1956
126,Mario Andretti,23,1968,1982
127,Ottorino Volonterio,23,1954,1957
128,Jackie Stewart,22,1965,1973
129,Jean-Pierre Jarier,22,1971,1983
130,Ken Wharton,22,1952,1955
131,Len Sutton,22,1958,1960
132,Pedro Rodríguez,22,1963,1971
133,Richie Ginther,22,1960,1966
134,Robert Manzon,22,1950,1956
135,Sergio Mantovani,22,1953,1955
136,Don Edmunds,21,1957,1957
137,Elmer George,21,1957,1957
138,Felice Bonetto,21,1950,1953
139,George Connor,21,1950,1952
140,Howden Ganley,21,1971,1974
141,Peter Whitehead,21,1950,1954
142,Shorty Templeman,21,1955,1960
143,Tony Brooks,21,1956,1961
144,Carel Godin de Beaufort,20,1957,1964
145,Eugenio Castellotti,20,1955,1957
146,Jim Hall,20,1960,1963
147,Joe James,20,1951,1952
148,John Campbell-Jones,20,1961,1963
149,Mike Hailwood,20,1963,1974
150,Nelson Piquet,20,1978,1991
151,Onofre Marimón,20,1951,1954
152,Paul Goldsmith,20,1958,1960
153,Reg Parnell,20,1950,1954
154,Rolf Stommelen,20,1970,1978
155,Wolfgang von Trips,20,1956,1961
156,Yves Cabantous,20,1950,1953
157,Andrea de Cesaris,19,1980,1994
158,Carlos Reutemann,19,1972,1982
159,Willy Mairesse,19,1960,1963
160,Alan Jones,18,1975,1986
161,Billy Garrett,18,1956,1958
162,Brett Lunger,18,1975,1978
163,Henri Pescarolo,18,1968,1976
164,Jackie Lewis,18,1961,1962
165,Jacques Laffite,18,1974,1986
166,Jacques Swaters,18,1951,1954
167,Jean-Pierre Beltoise,18,1967,1974
168,John Watson,18,1973,1985
169,Lance Macklin,18,1952,1955
170,Philippe Étancelin,18,1950,1952
171,Arturo Merzario,17,1972,1979
172,Bill Schindler,17,1950,1952
173,James Hunt,17,1973,1979
174,John Love,17,1962,1972
175,Johnny Herbert,17,1989,2000
176,Paul Frère,17,1952,1956
177,Peter Gethin,17,1970,1974
178,André Pilette,16,1951,1964
179,Carl Forberg,16,1951,1951
180,Gerry Ashmore,16,1961,1962
181,Giancarlo Baghetti,16,1961,1967
182,Jackie Oliver,16,1967,1977
183,Jochen Mass,16,1973,1982
184,Lee Wallard,16,1950,1951
185,Lorenzo Bandini,16,1961,1967
186,Mack Hellings,16,1950,1951
187,Michael May,16,1961,1961
188,Carlos Pace,15,1972,1977
189,David Murray,15,1950,1952
190,Jerry Unser,15,1958,1958
191,Jim McWithey,15,1959,1960
192,Lloyd Ruby,15,1960,1961
193,Patrick Depailler,15,1972,1980
194,Paul Pietsch,15,1950,1952
195,Red Amick,15,1959,1960
196,Rubens Barrichello,15,1993,2011
197,Alan Brown,14,1952,1954
198,Alberto Uria,14,1955,1956
199,Bob Gerard,14,1950,1957
200,Brian Redman,14,1968,1974
201,Dave Charlton,14,1967,1975
202,Emerson Fittipaldi,14,1970,1980
203,Fernando Alonso,14,2001,2026
204,Franco Rol,14,1950,1952
205,Jean Alesi,14,1989,2001
206,Joie Chitwood,14,1950,1950
207,Jud Larson,14,1958,1959
208,Michele Alboreto,14,1981,1994
209,Niki Lauda,14,1971,1985
210,Patrick Tambay,14,1977,1986
211,Peter Hirt,14,1951,1953
212,Riccardo Patrese,14,1977,1993
213,Rudi Fischer,14,1951,1952
214,Andrea de Adamich,13,1968,1973
215,Bernard Collomb,13,1961,1963
216,Franco Comotti,13,1950,1952
217,Hap Sharp,13,1961,1964
218,Hernando da Silva Ramos,13,1955,1956
219,Jody Scheckter,13,1972,1980
220,Kimi Räikkönen,13,2001,2021
221,Martin Brundle,13,1984,1996
222,Mike Spence,13,1963,1968
223,Peter Walker,13,1950,1955
224,Pierre Levegh,13,1950,1951
225,Reine Wisell,13,1970,1974
226,Renato Pirocchi,13,1961,1961
227,Richard Attwood,13,1964,1969
228,Tim Parnell,13,1961,1961
229,Anthony Foyt,12,1958,1960
230,Bobby Grim,12,1959,1960
231,Carroll Shelby,12,1958,1959
232,Duncan Hamilton,12,1951,1953
233,Giancarlo Fisichella,12,1996,2009
234,Hans-Joachim Stuck,12,1974,1979
235,Heinz-Harald Frentzen,12,1994,2003
236,Ian Scheckter,12,1974,1977
237,Jarno Trulli,12,1997,2011
238,Jenson Button,12,2000,2017
239,Jorge Daponte,12,1954,1954
240,Keke Rosberg,12,1978,1986
241,Kenneth McAlpine,12,1952,1955
242,Mike Beuttler,12,1971,1973
243,Nick Heidfeld,12,2000,2011
244,Philippe Alliot,12,1984,1994
245,Piero Carini,12,1952,1953
246,Piers Courage,12,1967,1970
247,Raymond Sommer,12,1950,1950
248,Roger Penske,12,1961,1962
249,Theo Helfrich,12,1952,1954
250,Alex Soler-Roig,11,1971,1972
251,Alfonso de Portago,11,1956,1957
252,Brian Naylor,11,1957,1961
253,Chuck Arnold,11,1959,1959
254,Eddie Sachs,11,1957,1960
255,Ivor Bueb,11,1957,1959
256,Michael Schumacher,11,1991,2012
257,Mike Taylor,11,1959,1960
258,Nico Hülkenberg,11,2010,2026
259,Nino Vaccarella,11,1961,1965
260,Olivier Panis,11,1994,2004
261,Peter Revson,11,1964,1974
262,Vittorio Brambilla,11,1974,1980
263,Alain Prost,10,1980,1993
264,Ayrton Senna,10,1984,1994
265,Bob Anderson,10,1963,1967
266,Bruno Giacomelli,10,1977,1983
267,Clay Regazzoni,10,1970,1980
268,Clemar Bucci,10,1954,1955
269,Daniel Ricciardo,10,2011,2024
270,David Hampshire,10,1950,1950
271,Dempsey Wilson,10,1958,1960
272,Derek Warwick,10,1981,1993
273,Dick Gibson,10,1957,1958
274,Geoff Duke,10,1961,1961
275,Guy Mairesse,10,1950,1951
276,Jos Verstappen,10,1994,2003
277,Ludovico Scarfiotti,10,1963,1968
278,Maria de Filippis,10,1958,1958
279,Moisés Solana,10,1963,1968
280,Piercarlo Ghinzani,10,1981,1989
281,Roger Laurent,10,1952,1952
282,Tim Schenken,10,1970,1974
283,Tony Rolt,10,1950,1955
284,Walt Hansgen,10,1961,1964
285,Alan Stacey,9,1958,1960
286,André Guelfi,9,1958,1958
287,Chris Bristow,9,1959,1960
288,Christian Goethals,9,1958,1958
289,Chuck Daigh,9,1960,1960
290,Damon Hill,9,1992,1999
291,David Hobbs,9,1967,1974
292,Derek Bell,9,1968,1974
293,Eric Brandon,9,1952,1954
294,Ernesto Prinoth,9,1961,1961
295,Eugène Chaboud,9,1950,1951
296,François Picard,9,1958,1958
297,Guy Ligier,9,1966,1967
298,Jacques Villeneuve,9,1996,2006
299,Juan Manuel Bordeu,9,1961,1961
300,Keith Greene,9,1960,1962
301,Mark Webber,9,2002,2013
302,Nigel Mansell,9,1980,1995
303,Pierluigi Martini,9,1985,1995
304,René Arnoux,9,1978,1989
305,Robert La Caze,9,1958,1958
306,Sam Tingle,9,1962,1969
307,Tom Bridger,9,1958,1958
308,Vic Elford,9,1968,1971
309,Élie Bayol,9,1952,1956
310,Óscar González,9,1956,1956
311,Alessandro de Tomaso,8,1957,1959
312,Alfonso Thiele,8,1960,1961
313,Eddie Cheever,8,1978,1989
314,Felipe Massa,8,2002,2017
315,François Cevert,8,1970,1973
316,Gerhard Berger,8,1984,1997
317,Gino Bianco,8,1952,1952
318,Harald Ertl,8,1975,1978
319,Helmut Marko,8,1971,1972
320,Henri Louveau,8,1950,1951
321,Jay Chamberlain,8,1962,1962
322,John Fitch,8,1953,1955
323,John Miles,8,1969,1970
324,Jonathan Palmer,8,1983,1989
325,Ken Miles,8,1961,1961
326,Lance Reventlow,8,1960,1960
327,Leslie Marr,8,1954,1955
328,Max Verstappen,8,2015,2026
329,Max de Terra,8,1952,1953
330,Mika Salo,8,1994,2002
331,Nanni Galli,8,1971,1973
332,Peter Ryan,8,1961,1961
333,Pierre Gasly,8,2017,2026
334,Sebastian Vettel,8,2007,2022
335,Thierry Boutsen,8,1983,1993
336,Tony Shelly,8,1962,1962
337,Adrian Sutil,7,2007,2014
338,Alex Ribeiro,7,1976,1977
339,Bill Brack,7,1968,1972
340,Bob Bondurant,7,1965,1966
341,Boy Lunger,7,1976,1977
342,Brian Shawe Taylor,7,1950,1951
343,Carlos Sainz,7,2015,2026
344,Charles Pozzi,7,1950,1950
345,David Coulthard,7,1994,2008
346,Didier Pironi,7,1978,1982
347,Eddie Keizan,7,1973,1975
348,Edgar Barth,7,1953,1964
349,Eitel Cantoni,7,1952,1952
350,Ernie Pieterse,7,1962,1963
351,Gary Hocking,7,1962,1962
352,George Eaton,7,1969,1971
353,Gianni Morbidelli,7,1990,1997
354,Hermann Lang,7,1953,1954
355,Jacques Pollet,7,1954,1955
356,Jyrki Järvilehto,7,1989,1994
357,Lance Stroll,7,2017,2026
358,Lewis Hamilton,7,2007,2026
359,Menato Boffa,7,1961,1961
360,Mika Häkkinen,7,1991,2001
361,Neville Lederle,7,1962,1963
362,Pete Lovely,7,1960,1971
363,Peter Ashdown,7,1959,1959
364,Rupert Keegan,7,1977,1982
365,Sergio Pérez,7,2011,2026
366,Skip Barber,7,1971,1972
367,Stefan Johansson,7,1983,1991
368,Stefano Modena,7,1987,1992
369,Syd van der Vyver,7,1962,1962
370,Willi Heeks,7,1952,1953
371,Adolf Brudes,6,1952,1952
372,Aguri Suzuki,6,1988,1995
373,Alessandro Nannini,6,1986,1990
374,Alessandro Zanardi,6,1991,1999
375,Alexander Albon,6,2019,2026
376,Carlo Abate,6,1962,1963
377,Chris Irwin,6,1966,1967
378,Colin Davis,6,1959,1962
379,Consalvo Sanesi,6,1950,1951
380,Daniil Kvyat,6,2014,2020
381,David Brabham,6,1990,1994
382,David Piper,6,1959,1960
383,Derek Daly,6,1978,1982
384,Eddie Irvine,6,1993,2002
385,Elio de Angelis,6,1979,1986
386,Ernst Loof,6,1953,1953
387,Erwin Bauer,6,1953,1953
388,Esteban Ocon,6,2016,2026
389,Fritz Riess,6,1952,1952
390,Gilles Villeneuve,6,1977,1982
391,Giulio Cabianca,6,1958,1960
392,Hans Klenk,6,1952,1952
393,Hector Rebaque,6,1977,1981
394,Heikki Kovalainen,6,2007,2013
395,Joe Fry,6,1950,1950
396,Johnny Servoz-Gavin,6,1967,1970
397,Josef Peters,6,1952,1952
398,Kamui Kobayashi,6,2009,2014
399,Kevin Magnussen,6,2014,2024
400,Kurt Adolff,6,1953,1953
401,Luca Badoer,6,1993,2009
402,Marc Surer,6,1979,1986
403,Marcus Ericsson,6,2014,2018
404,Oswald Karch,6,1953,1953
405,Patrick Nève,6,1976,1977
406,Pedro de la Rosa,6,1999,2012
407,Peter Arundell,6,1962,1966
408,Ralf Schumacher,6,1997,2007
409,Ricardo Rodríguez,6,1961,1962
410,Rob Schroeder,6,1962,1962
411,Rodney Nuckey,6,1953,1954
412,Romain Grosjean,6,2009,2020
413,Rudolf Schoeller,6,1952,1952
414,Takuma Sato,6,2002,2008
415,Toni Ulmen,6,1952,1952
416,Tony Gaze,6,1952,1952
417,Ukyo Katayama,6,1992,1997
418,Valtteri Bottas,6,2013,2026
419,Vic Wilson,6,1960,1966
420,Vitantonio Liuzzi,6,2005,2011
421,Yuki Tsunoda,6,2021,2025
422,Érik Comas,6,1991,1994
423,Alex Caffi,5,1986,1991
424,Alfredo Pián,5,1950,1950
425,Andrea Montermini,5,1994,1996
426,Bertrand Gachot,5,1989,1995
427,Brian Henton,5,1975,1982
428,Bruno Senna,5,2010,2012
429,Charles Leclerc,5,2018,2026
430,Charles de Tornaco,5,1952,1952
431,Eppie Wietzes,5,1967,1974
432,Eugène Martin,5,1950,1950
433,François Migault,5,1972,1975
434,Gabriele Tarquini,5,1987,1995
435,George Russell,5,2019,2026
436,Georges Grignard,5,1951,1951
437,Gerhard Mitter,5,1963,1965
438,Gino Munaron,5,1960,1960
439,Günther Bechem,5,1952,1953
440,Karl Kling,5,1954,1955
441,Karl Wendlinger,5,1991,1995
442,Lella Lombardi,5,1975,1976
443,Luigi Fagioli,5,1950,1951
444,Nello Pagani,5,1950,1950
445,Nico Rosberg,5,2006,2016
446,Nicola Larini,5,1987,1997
447,Paul England,5,1957,1957
448,Pedro Diniz,5,1995,2000
449,Pedro Lamy,5,1993,1996
450,Philippe Streiff,5,1984,1988
451,Roberto Bussinello,5,1961,1965
452,Roberto Moreno,5,1987,1995
453,Silvio Moser,5,1967,1971
454,Teo Fabi,5,1982,1987
455,Timo Glock,5,2004,2012
456,Toni Branca,5,1950,1951
457,Tony Brise,5,1975,1975
458,Wayne Weiler,5,1960,1960
459,Wilson Fittipaldi,5,1972,1975
460,Alan Rees,4,1967,1967
461,Alexander Wurz,4,1997,2007
462,Antonio Creus,4,1960,1960
463,Art Bisch,4,1958,1958
464,Ben Pon,4,1962,1962
465,Bill Whitehouse,4,1954,1954
466,Christijan Albers,4,2005,2007
467,Cuth Harrison,4,1950,1950
468,David Purley,4,1973,1977
469,Dennis Poore,4,1952,1952
470,Don Beauman,4,1954,1954
471,Ettore Chimeri,4,1960,1960
472,François Hesnault,4,1984,1985
473,Fred Wacker,4,1953,1954
474,Gijs van Lennep,4,1971,1975
475,Giorgio Bassi,4,1965,1965
476,Gérard Larrousse,4,1974,1974
477,Heini Walter,4,1962,1962
478,Ian Stewart,4,1953,1953
479,Ivan Capelli,4,1985,1993
480,Jean-Pierre Jabouille,4,1975,1981
481,Jimmy Stewart,4,1953,1953
482,John Cannon,4,1971,1971
483,John Riseley-Prichard,4,1954,1954
484,Juan Pablo Montoya,4,2001,2006
485,Leslie Johnson,4,1950,1950
486,Leslie Thorne,4,1954,1954
487,Liam Lawson,4,2023,2026
488,Luciano Burti,4,2000,2001
489,Manfred Winkelhock,4,1982,1985
490,Marc Gené,4,1999,2004
491,Mark Blundell,4,1991,1995
492,Mark Donohue,4,1971,1975
493,Mauri Rose,4,1950,1951
494,Mike Parkes,4,1966,1967
495,Mário de Araújo Cabral,4,1959,1964
496,Narain Karthikeyan,4,2005,2012
497,Nasif Estéfano,4,1960,1963
498,Nicholas Latifi,4,2020,2022
499,Pastor Maldonado,4,2011,2015
500,Paul Hawkins,4,1965,1965
501,Rikky von Opel,4,1973,1974
502,Rob Slotemaker,4,1962,1962
503,Robert Kubica,4,2006,2021
504,Sakon Yamamoto,4,2006,2010
505,Sam Posey,4,1971,1972
506,Satoru Nakajima,4,1987,1991
507,Stuart Lewis-Evans,4,1957,1958
508,Teddy Pilette,4,1974,1974
509,Tony Crook,4,1952,1953
510,Vitaly Petrov,4,2010,2012
511,Éric Bernard,4,1989,1994
512,Aldo Gordini,3,1951,1951
513,Alessandro Pesenti-Rossi,3,1976,1976
514,Alex Blignaut,3,1965,1965
515,Anthony Davidson,3,2002,2008
516,Antonio Giovinazzi,3,2017,2021
517,Arthur Owen,3,1960,1960
518,Azdrubal Fontes,3,1959,1959
519,Christian Danner,3,1985,1989
520,Christian Fittipaldi,3,1992,1994
521,Christian Klien,3,2004,2010
522,Clemente Biondetti,3,1950,1950
523,David Prophet,3,1963,1965
524,David Walker,3,1971,1972
525,Dorino Serafini,3,1950,1950
526,Emanuele Naspetti,3,1992,1993
527,Emanuele Pirro,3,1989,1991
528,Emilio de Villota,3,1977,1977
529,Eric Thompson,3,1952,1952
530,Ernst Klodwig,3,1952,1953
531,Esteban Gutiérrez,3,2013,2016
532,Frank Dochnal,3,1963,1963
533,François Mazet,3,1971,1971
534,Fritz d'Orey,3,1959,1959
535,George Abecassis,3,1951,1952
536,George Amick,3,1958,1958
537,George Follmer,3,1973,1973
538,Georges Berger,3,1953,1954
539,Guy Tunmer,3,1975,1975
540,Günther Seiffert,3,1963,1963
541,Hans Binder,3,1976,1977
542,Henry Banks,3,1950,1952
543,Ian Raby,3,1963,1965
544,Isack Hadjar,3,2025,2026
545,Jackie Pretorius,3,1968,1973
546,Jan Lammers,3,1979,1992
547,Karun Chandhok,3,2010,2011
548,Kazuyoshi Hoshino,3,1976,1977
549,Ken Downing,3,1952,1952
550,Kurt Ahrens,3,1967,1968
551,Lando Norris,3,2019,2026
552,Len Duncan,3,1954,1954
553,Luis Pérez-Sala,3,1988,1989
554,Marcel Balsa,3,1952,1952
555,Massimo Natili,3,1961,1961
556,Maurício Gugelmin,3,1988,1992
557,Max Jean,3,1971,1971
558,Michel Leclère,3,1975,1976
559,Mike Thackwell,3,1980,1984
560,Oliver Bearman,3,2024,2026
561,Oscar Gálvez,3,1953,1953
562,Otto Stuppacher,3,1976,1976
563,Paddy Driver,3,1963,1974
564,Pascal Wehrlein,3,2016,2017
565,Paul di Resta,3,2011,2017
566,Peter de Klerk,3,1963,1970
567,Piero Drogo,3,1960,1960
568,Raul Boesel,3,1982,1983
569,Renzo Zorzi,3,1975,1977
570,Ricardo Zonta,3,1999,2005
571,Ricardo Zunino,3,1979,1981
572,Roger Williamson,3,1973,1973
573,Rudolf Krause,3,1952,1953
574,Shinji Nakano,3,1997,1998
575,Taki Inoue,3,1994,1995
576,Tarso Marques,3,1996,2001
577,Thomas Monarch,3,1963,1963
578,Timmy Mayer,3,1962,1962
579,Will Stevens,3,2014,2015
580,Yannick Dalmas,3,1987,1994
581,Adolfo Cruz,2,1953,1953
582,Adrián Campos,2,1987,1988
583,Albert Scherrer,2,1953,1953
584,Alberto Rodriguez Larreta,2,1960,1960
585,Alex Yoong,2,2001,2002
586,André Milhoux,2,1956,1956
587,Antônio Pizzonia,2,2003,2005
588,Archie Scott Brown,2,1956,1956
589,Basil van Rooyen,2,1968,1969
590,Beppe Gabbiani,2,1981,1981
591,Bernd Schneider,2,1988,1990
592,Bobby Ball,2,1951,1952
593,Bobby Unser,2,1968,1968
594,Brendon Hartley,2,2017,2018
595,Bruce Johnstone,2,1962,1962
596,Charles Pic,2,2012,2013
597,Chico Serra,2,1981,1983
598,Chris Craft,2,1971,1971
599,Colin Chapman,2,1956,1956
600,Conny Andersson,2,1976,1976
601,Corrado Fabi,2,1983,1984
602,Desmond Titterington,2,1956,1956
603,Domenico Schiattarella,2,1994,1995
604,Dries van der Lof,2,1952,1952
605,Enrique Bernoldi,2,2001,2002
606,Eric van de Poele,2,1991,1992
607,Franco Colapinto,2,2024,2026
608,Frank Gardner,2,1964,1965
609,Gastón Mazzacane,2,2000,2001
610,Geoff Lees,2,1979,1982
611,Giacomo Russo,2,1965,1966
612,Giovanni Lavaggi,2,1995,1996
613,Gregor Foitek,2,1990,1990
614,Gunnar Nilsson,2,1976,1977
615,Gus Hutchison,2,1970,1970
616,Guy Edwards,2,1974,1976
617,Hans von Stuck,2,1952,1953
618,Heinz Schiller,2,1962,1962
619,Hideki Noda,2,1994,1994
620,Ian Ashley,2,1974,1977
621,Ignazio Giunti,2,1970,1970
622,Jan Flinterman,2,1952,1952
623,Jan Magnussen,2,1995,1998
624,Jean Lucas,2,1955,1955
625,Jean-Denis Délétraz,2,1994,1995
626,Jean-Marc Gounon,2,1993,1994
627,Jean-Éric Vergne,2,2012,2014
628,Jesús Iglesias,2,1955,1955
629,Jim Crawford,2,1975,1975
630,Jo Schlesser,2,1967,1968
631,John Barber,2,1953,1953
632,John James,2,1951,1951
633,John Rhodes,2,1965,1965
634,John Taylor,2,1964,1966
635,Johnny Cecotto,2,1983,1984
636,Jolyon Palmer,2,2016,2017
637,Juan Jover,2,1951,1951
638,Julian Bailey,2,1988,1991
639,Justin Wilson,2,2003,2003
640,Jérôme d'Ambrosio,2,2011,2012
641,Kunimitsu Takahashi,2,1977,1977
642,Larry Perkins,2,1976,1977
643,Leo Kinnunen,2,1974,1974
644,Les Leston,2,1956,1957
645,Loris Kessel,2,1976,1976
646,Luiz Bueno,2,1973,1973
647,Luki Botha,2,1967,1967
648,Martin Donnelly,2,1989,1990
649,Mauro Baldi,2,1982,1985
650,Mick Schumacher,2,2021,2022
651,Mike Sparken,2,1955,1955
652,Noritake Takahara,2,1976,1977
653,Nyck de Vries,2,2022,2023
654,Olivier Grouillard,2,1989,1992
655,Pablo Birger,2,1953,1955
656,Paolo Barilla,2,1989,1990
657,Paul Belmondo,2,1992,1994
658,Philip Fotheringham-Parker,2,1951,1951
659,Ricardo Rosset,2,1996,1998
660,Richard Robarts,2,1974,1974
661,Robert Doornbos,2,2005,2006
662,Roger Loyer,2,1954,1954
663,Slim Borgudd,2,1981,1982
664,Stefan Bellof,2,1984,1985
665,Stoffel Vandoorne,2,2016,2018
666,Sébastien Bourdais,2,2008,2009
667,Sébastien Buemi,2,2009,2011
668,Theo Fitzau,2,1953,1953
669,Tiago Monteiro,2,2005,2006
670,Tom Pryce,2,1974,1977
671,Tony Settember,2,1962,1963
672,Toranosuke Takagi,2,1998,1999
673,Torsten Palm,2,1975,1975
674,Vern Schuppan,2,1974,1977
675,Zsolt Baumgartner,2,2003,2004
676,Alexander Rossi,1,2015,2015
677,Allan McNish,1,2002,2002
678,Allen Berg,1,1986,1986
679,Andrea Chiesa,1,1992,1992
680,Andrea Kimi Antonelli,1,2025,2026
681,André Lotterer,1,2014,2014
682,Arvid Lindblad,1,2026,2026
683,Bayliss Levrett,1,1950,1950
684,Bertil Roos,1,1974,1974
685,Bill Cantrell,1,1950,1950
686,Bob Evans,1,1975,1976
687,Bobby Rahal,1,1978,1978
688,Brian Hart,1,1967,1967
689,Bud Tingelstad,1,1960,1960
690,Cristiano da Matta,1,2003,2004
691,Damien Magee,1,1975,1975
692,Danny Kladis,1,1954,1954
693,Danny Ongais,1,1977,1978
694,Danny Sullivan,1,1983,1983
695,Dave Morgan,1,1975,1975
696,Doug Serrurier,1,1962,1963
697,Eliseo Salazar,1,1981,1983
698,Ernie de Vos,1,1963,1963
699,Esteban Tuero,1,1998,1998
700,Fabrizio Barbazza,1,1993,1993
701,Felipe Nasr,1,2015,2016
702,Franck Lagorce,1,1994,1994
703,Franck Montagny,1,2006,2006
704,Franco Forini,1,1987,1987
705,Gabriel Bortoleto,1,2025,2026
706,Geoff Crossley,1,1950,1950
707,Gianmaria Bruni,1,2004,2004
708,Giedo van der Garde,1,2013,2013
709,Giorgio Pantano,1,2004,2004
710,Graham McRae,1,1973,1973
711,Guanyu Zhou,1,2022,2024
712,Helmut Niedermayr,1,1952,1952
713,Helmuth Koinigg,1,1974,1974
714,Herbert MacKay-Fraser,1,1957,1957
715,Hubert Hahne,1,1967,1968
716,Huub Rothengatter,1,1984,1986
717,Ingo Hoffmann,1,1976,1977
718,Jack Aitken,1,2020,2020
719,Jack Doohan,1,2024,2025
720,Jaime Alguersuari,1,2009,2011
721,Jean-Christophe Boullion,1,1995,1995
722,Jean-Louis Schlesser,1,1988,1988
723,Jo Gartner,1,1984,1984
724,Jo Vonlanthen,1,1975,1975
725,Joe Kelly,1,1950,1951
726,Johnny Dumfries,1,1986,1986
727,Jonathan Williams,1,1967,1967
728,José Dolhem,1,1974,1974
729,Jules Bianchi,1,2013,2014
730,Kazuki Nakajima,1,2007,2009
731,Ken Richardson,1,1951,1951
732,Kenny Acheson,1,1983,1985
733,Lamberto Leoni,1,1978,1978
734,Logan Sargeant,1,2023,2024
735,Lucas di Grassi,1,2010,2010
736,Marco Apicella,1,1993,1993
737,Markus Winkelhock,1,2007,2007
738,Massimiliano Papis,1,1995,1995
739,Max Chilton,1,2013,2014
740,Michael Andretti,1,1993,1993
741,Michael Bleekemolen,1,1978,1978
742,Miguel Ángel Guerra,1,1981,1981
743,Mike Fisher,1,1967,1967
744,Mike MacDowel,1,1957,1957
745,Nelson Piquet Jr.,1,2008,2009
746,Nicolas Kiesa,1,2003,2003
747,Nikita Mazepin,1,2021,2021
748,Norberto Fontana,1,1997,1997
749,Olivier Beretta,1,1994,1994
750,Oscar Larrauri,1,1988,1988
751,Oscar Piastri,1,2023,2026
752,Patrick Friesacher,1,2005,2005
753,Peter Broeker,1,1963,1963
754,Philippe Adams,1,1994,1994
755,Pierre-Henri Raphanel,1,1989,1989
756,Pietro Fittipaldi,1,2020,2020
757,Ralph Firman,1,2003,2003
758,Ricardo Londoño,1,1981,1981
759,Riccardo Paletti,1,1982,1982
760,Rio Haryanto,1,2016,2016
761,Robert O'Brien,1,1952,1952
762,Roberto Bonomi,1,1960,1960
763,Roberto Guerrero,1,1982,1983
764,Roberto Merhi,1,2015,2015
765,Robin Widdows,1,1968,1968
766,Roelof Wunderink,1,1975,1975
767,Roland Ratzenberger,1,1994,1994
768,Ronnie Bucknum,1,1964,1966
769,Scott Speed,1,2006,2007
770,Sergey Sirotkin,1,2018,2018
771,Siegfried Stohr,1,1981,1981
772,Stéphane Sarrazin,1,1999,1999
773,Tom Belsø,1,1974,1974
774,Tomáš Enge,1,2001,2001
775,Toshio Suzuki,1,1993,1993
776,Warwick Brown,1,1976,1976
777,Yuji Ide,1,2006,2006
778,Al Pease,0,1967,1969
779,Arthur Legat,0,1952,1953
780,Bill Aston,0,1952,1952
781,Bill Mackey,0,1951,1951
782,Bob Drake,0,1960,1960
783,Bob Said,0,1959,1959
784,Brausch Niemann,0,1963,1963
785,Chris Lawrence,0,1966,1966
786,David Clapham,0,1965,1965
787,Dieter Quester,0,1974,1974
788,Don Branson,0,1959,1960
789,Fred Gamble,0,1960,1960
790,Gaetano Starrabba,0,1961,1963
791,George Constantine,0,1959,1959
792,Graham Whitehead,0,1952,1952
793,Harry Blanchard,0,1959,1959
794,Hiroshi Fushida,0,1975,1975
795,Jim Hurtubise,0,1960,1960
796,Jim Rigsby,0,1952,1952
797,John Cordts,0,1969,1969
798,John Nicholson,0,1975,1975
799,Kurt Kuhnke,0,1962,1962
800,Masahiro Hasemi,0,1976,1976
801,Mike Harris,0,1962,1962
802,Mike Wilds,0,1974,1975
803,Myron Fohr,0,1950,1950
804,Pascal Fabre,0,1987,1987
805,Patrick Gaillard,0,1979,1979
806,Paul Emery,0,1956,1956
807,Perry McCarthy,0,1992,1992
808,Peter Monteverdi,0,1961,1961
809,Phil Cade,0,1959,1959
810,Piero Scotti,0,1956,1956
811,Ray Reed,0,1965,1965
812,Roberto Lippi,0,1961,1961
813,Robin Montgomerie-Charrington,0,1952,1952
814,Tiff Needell,0,1980,1980
815,Tommy Byrne,0,1982,1982
816,Trevor Blokdyk,0,1963,1963
817,Volker Weidler,0,1989,1989
818,Walt Ader,0,1950,1950
